"product_id","product_name","description","price"
37162,"Canon PIXMA Photo All-In-One Printer - MP620","Canon PIXMA Photo All-In-One Printer - MP620/ High Performance Printer And Copier, Scanner/ Easy Scroll Wheel/ Dual Paper Trays/ 2.5' High Definition LCD Display/ Maximum 9600 x 2400 Color Dpi/ Automatic Image Optimization/ Quick Start/ Wi-Fi Ready/ Built-In Media Card Slot/ ENERGY STAR Qualified",$149.00
37174,"TiVo HD XL Black Digital Video Recorder - TCD658000","TiVo HD XL Black Digital Video Recorder - TCD658000/ Search, Record And Watch Shows In HD/ Save Up To 150 Hours Of HD Programming At A Time/ Control Cable TV With Pause, Rewind, Fast-Forward, And Slow-Motion/ Record Two Shows At Once In HD/ Digital Transition Ready/ Backlit Remote Control/ Netflix Instant Streaming/ TiVo Service Required And Sold Separately",$599.00
37181,"Apple 8GB Black 2nd Generation iPod Touch - MB528LLA","Apple 8GB Black 2nd Generation iPod Touch - MB528LLA/ Holds Up To 1,750 Songs In 128-Kbps AAC Format, 10,000 iPod-Viewable Photos And 10 Hours Of Video/ Wi-Fi (802.11b/g)/ Nike + iPod Support Built-In/ Maps Location-Based Service/ 3.5' (Diagonal) Widescreen Multi-Touch Display/ 480x320-Pixel Resolution/ 480p And 576p Component TV Out/ Mac And Windows Compatible/ Black Finish",$229.00
37182,"Apple 16GB Black 2nd Generation iPod Touch - MB531LLA","Apple 16GB Black 2nd Generation iPod Touch - MB531LLA/ Holds Up To 3,500 Songs In 128-Kbps AAC Format, 20,000 iPod-Viewable Photos And 20 Hours Of Video/ Wi-Fi (802.11b/g)/ Nike + iPod Support Built-In/ Maps Location-Based Service/ 3.5' (Diagonal) Widescreen Multi-Touch Display/ 480x320-Pixel Resolution/ 480p And 576p Component TV Out/ Mac And Windows Compatible/ Black Finish",$299.00
37183,"Apple 32GB Black 2nd Generation iPod Touch - MB533LLA","Apple 32GB Black 2nd Generation iPod Touch - MB533LLA/ Holds Up To 7,000 Songs In 128-Kbps AAC Format, 25,000 iPod-Viewable Photos And 40 Hours Of Video/ Wi-Fi (802.11b/g)/ Nike + iPod Support Built-In/ Maps Location-Based Service/ 3.5' (Diagonal) Widescreen Multi-Touch Display/ 480x320-Pixel Resolution/ 480p And 576p Component TV Out/ Mac And Windows Compatible/ Black Finish",$399.00
37187,"Apple 8GB Silver 4th Generation iPod Nano - MB598LLA","Apple 8GB Silver 4th Generation iPod Nano - MB598LLA/ Holds Up To 2,000 Songs In 128-Kbps AAC Format, 7,000 iPod-Viewable Photos And 8 Hours Of Video/ 2' (Diagonal) Liquid Crystal Display With Blue-White LED Backlight/ 320-By-240-Pixel Resolution/ Give It A Shake To Shuffle Your Music/ Turn It Sideways To View Cover Flow/ Mac And Windows Compatible/ Silver Finish",$144.00
37192,"Apple 8GB Blue 4th Generation iPod Nano - MB732LLA","Apple 8GB Blue 4th Generation iPod Nano - MB732LLA/ Holds Up To 2,000 Songs In 128-Kbps AAC Format, 7,000 iPod-Viewable Photos And 8 Hours Of Video/ 2' (Diagonal) Liquid Crystal Display With Blue-White LED Backlight/ 320-By-240-Pixel Resolution/ Give It A Shake To Shuffle Your Music/ Turn It Sideways To View Cover Flow/ Mac And Windows Compatible/ Blue Finish",$149.00
37196,"Apple 8GB Pink 4th Generation iPod Nano - MB735LLA","Apple 8GB Pink 4th Generation iPod Nano - MB735LLA/ Holds Up To 2,000 Songs In 128-Kbps AAC Format, 7,000 iPod-Viewable Photos And 8 Hours Of Video/ 2' (Diagonal) Liquid Crystal Display With Blue-White LED Backlight/ 320-By-240-Pixel Resolution/ Give It A Shake To Shuffle Your Music/ Turn It Sideways To View Cover Flow/ Mac And Windows Compatible/ Pink Finish",$144.00
37198,"Apple 8GB Purple 4th Generation iPod Nano - MB739LLA","Apple 8GB Purple 4th Generation iPod Nano - MB739LLA/ Holds Up To 2,000 Songs In 128-Kbps AAC Format, 7,000 iPod-Viewable Photos And 8 Hours Of Video/ 2' (Diagonal) Liquid Crystal Display With Blue-White LED Backlight/ 320-By-240-Pixel Resolution/ Give It A Shake To Shuffle Your Music/ Turn It Sideways To View Cover Flow/ Mac And Windows Compatible/ Purple Finish",$149.00
37201,"Apple 16GB Green 4th Generation iPod Nano - MB913LLA","Apple 16GB Green 4th Generation iPod Nano - MB913LLA/ Holds Up To 4,000 Songs In 128-Kbps AAC Format, 14,000 iPod-Viewable Photos And 16 Hours Of Video/ 2' (Diagonal) Liquid Crystal Display With Blue-White LED Backlight/ 320-By-240-Pixel Resolution/ Give It A Shake To Shuffle Your Music/ Turn It Sideways To View Cover Flow/ Mac And Windows Compatible/ Green Finish",
37202,"Apple 8GB Green 4th Generation iPod Nano - MB745LLA","Apple 8GB Green 4th Generation iPod Nano - MB745LLA/ Holds Up To 2,000 Songs In 128-Kbps AAC Format, 7,000 iPod-Viewable Photos And 8 Hours Of Video/ 2' (Diagonal) Liquid Crystal Display With Blue-White LED Backlight/ 320-By-240-Pixel Resolution/ Give It A Shake To Shuffle Your Music/ Turn It Sideways To View Cover Flow/ Mac And Windows Compatible/ Green Finish",$149.00
37207,"Apple 8GB Black 4th Generation iPod Nano - MB754LLA","Apple 8GB Black 4th Generation iPod Nano - MB754LLA/ Holds Up To 2,000 Songs In 128-Kbps AAC Format, 7,000 iPod-Viewable Photos And 8 Hours Of Video/ 2' (Diagonal) Liquid Crystal Display With Blue-White LED Backlight/ 320-By-240-Pixel Resolution/ Give It A Shake To Shuffle Your Music/ Turn It Sideways To View Cover Flow/ Mac And Windows Compatible/ Black Finish",$144.00
37208,"Apple 120GB Silver 7th Generation iPod Classic - MB562LLA","Apple 120GB Silver 7th Generation iPod Classic - MB562LLA/ Holds Up To 30,000 Songs In 128-Kbps AAC Format, 25,000 iPod-Viewable Photos And 150 Hours Of Video/ 2.5' (Diagonal) Color LCD With LED Backlight/ 320-By-240-Pixel Resolution/ Mac And Windows Compatible/ Silver Finish",
37210,"Apple 120GB Black 7th Generation iPod Classic - MB565LLA","Apple 120GB Black 7th Generation iPod Classic - MB565LLA/ Holds Up To 30,000 Songs In 128-Kbps AAC Format, 25,000 iPod-Viewable Photos And 150 Hours Of Video/ 2.5' (Diagonal) Color LCD With LED Backlight/ 320-By-240-Pixel Resolution/ Mac And Windows Compatible/ Black Finish",
37211,"Apple 1GB Pink 2nd Generation iPod Shuffle - MB811LLA","Apple 1GB Pink 2nd Generation iPod Shuffle - MB811LLA/ Holds Up To 240 Songs In 128-Kbps AAC Format/ 12 Hours Of Continuous Playback/ Skip-Free Playback/ Battery Indicator/ Shuffle Switch/ Built-In Clip/ Mac And Windows Compatible/ Pink Finish",$49.00
37231,"Yamaha YAS-71 Black Front Surround System - YAS71BK","Yamaha YAS-71 Black Front Surround System - YAS71BK/ 210 Watts Total Power/ Dolby Digital, DTS And Dolby Pro Logic II Compatibility/ CINEMA DSP Digital/ Magnetic Shielding/ Digital Amplifier/ Air Surround Xtreme/ 4 Surround Programs/ Compressed Music Enhancer/ Night Listening Mode/ Black Finish",
37235,"Sony BRAVIA Black SXRD 1080p Home Theater Front Projector - VPLHW10","Sony BRAVIA Black SXRD 1080p Home Theater Front Projector - VPLHW10/ SXRD 1920 x 1080p Full HD Panels/ 30,000:1 Dynamic Contrast Ratio/ Fully Digital Signal Processing/ 200Watts Ultra-High-Pressure Lamp/ Whisper-Quiet Fan Noise And Noise Reduction Function/ Two HDMI Inputs/ BRAVIA Theatre Sync/ Remote Commander/ Black Finish","$3,499.00"
37254,"Canon PIXMA Black Photo Printer - IP4600","Canon PIXMA Black Photo Printer - IP4600/ Premium Printer With Individual Ink Tanks And Built-In Auto Duplex/ Print 4' x 6' Photo In 20 Seconds/ Dual Paper Trays/ Maximum 9600 x 2400 Color Dpi/ Automatic Image Optimization/ ENERGY STAR Qualified/ Black Finish",$99.00
37257,"Canon PIXMA Photo All-In-One Printer - MP980","Canon PIXMA Photo All-In-One Printer - MP980/ High Performance Wireless Printer, Copier And Scanner/ Easy Scroll Wheel/ 3.5' High Definition LCD Display/ Maximum 9600 x 2400 Color Dpi/ Six Individual Inks Tanks/ Auto Duplex Print/ Smart Copying/ Automatic Image Optimization/ No Warm-Up/ ENERGY STAR Qualified",$299.00
37287,"Toshiba 32' Black LCD Flat Panel HDTV - 32AV502U","Toshiba 32' Black LCD Flat Panel HDTV - 32AV502U/ 720p (1366 x 768) HD CineSpeed Display/ DynaLight Dynamic Backlight Control/ NTSC/ATSC/QAM Digital Tuner/ 10 Bit Video Processor/ 60Hz Video Scan Rate/ Color Temperature Control/ Auto Aspect Control/ Black Finish",
37293,"Sony VAIO AW Series Titanium Grey Notebook Computer - VGNAW110JH","Sony VAIO AW Series Titanium Grey Notebook Computer - VGNAW110JH/ 2.26GHz Intel Core 2 Duo Processor P8400/ 18.4' (1680 x 945) XBRITE-ECO Widescreen Display/ 320GB Serial ATA 5400rpm Hard Drive/ Built-In 1.3 Megapixel MOTION EYE Camera And Microphone With Face-Tracking Technology/ 4GB PC2-6400 (2GBx2) Installed Memory/ Integrated Stereo A2DP Bluetooth/ Blu-ray Drive (Read Only)/ Titanium Grey Finish",
37301,"Sony VAIO CS Series Red Notebook Computer - VGNCS110ER","Sony VAIO CS Series Red Notebook Computer - VGNCS110ER/ 2.0GHz Intel Core 2 Duo Processor T5800/ 14.1' (1280 x 800) XBRITE-ECO Widescreen Display/ 250GB Serial ATA 5400rpm Hard Drive/ Built-In 1.3 Megapixel MOTION EYE Camera And Microphone/ 3GB PC2-6400 (2GBx1 + 1GBx1) Installed Memory/ Integrated Stereo A2DP Bluetooth/ 800MHz Front Side Bus Speed/ 2MB L2 Cache/ Genuine Microsoft Windows Vista Home Premium 32-bit With SP1/ Red Finish",
37308,"Sony VAIO CS Series Pink Notebook Computer - VGNCS180JP","Sony VAIO CS Series Pink Notebook Computer - VGNCS180JP/ 2.26GHz Intel Core 2 Duo Processor P8400/ 14.1' (1280 x 800) XBRITE-ECO Widescreen Display/ 320GB Serial ATA 5400rpm Hard Drive/ Built-In 1.3 Megapixel MOTION EYE Camera And Microphone/ 4GB PC2-6400 (2GBx2) Installed Memory/ Integrated Stereo A2DP Bluetooth/ 1066MHz Front Side Bus Speed/ 3MB L2 Cache/ Blu-ray Drive (Read Only)/ Genuine Microsoft Windows Vista Home Premium 64-Bit/ Pink Finish",
37309,"Sony VAIO CS Series Black Notebook Computer - VGNCS180JQ","Sony VAIO CS Series Black Notebook Computer - VGNCS180JQ/ 2.26GHz Intel Core 2 Duo Processor P8400/ 14.1' (1280 x 800) XBRITE-ECO Widescreen Display/ 320GB Serial ATA 5400rpm Hard Drive/ Built-In 1.3 Megapixel MOTION EYE Camera And Microphone/ 4GB PC2-6400 (2GBx2) Installed Memory/ Integrated Stereo A2DP Bluetooth/ 1066MHz Front Side Bus Speed/ 3MB L2 Cache/ Blu-ray Drive (Read Only)/ Genuine Microsoft Windows Vista Home Premium 64-Bit/ Black Finish",
37310,"Sony VAIO CS Series Red Notebook Computer - VGNCS180JR","Sony VAIO CS Series Red Notebook Computer - VGNCS180JR/ 2.26GHz Intel Core 2 Duo Processor P8400/ 14.1' (1280 x 800) XBRITE-ECO Widescreen Display/ 320GB Serial ATA 5400rpm Hard Drive/ Built-In 1.3 Megapixel MOTION EYE Camera And Microphone/ 4GB PC2-6400 (2GBx2) Installed Memory/ Integrated Stereo A2DP Bluetooth/ 1066MHz Front Side Bus Speed/ 3MB L2 Cache/ Blu-ray Drive (Read Only)/ Genuine Microsoft Windows Vista Home Premium 64-Bit/ Red Finish",
37311,"Sony VAIO CS Series White Notebook Computer - VGNCS180JW","Sony VAIO CS Series White Notebook Computer - VGNCS180JW/ 2.26GHz Intel Core 2 Duo Processor P8400/ 14.1' (1280 x 800) XBRITE-ECO Widescreen Display/ 320GB Serial ATA 5400rpm Hard Drive/ Built-In 1.3 Megapixel MOTION EYE Camera And Microphone/ 4GB PC2-6400 (2GBx2) Installed Memory/ Integrated Stereo A2DP Bluetooth/ 1066MHz Front Side Bus Speed/ 3MB L2 Cache/ Blu-ray Drive (Read Only)/ Genuine Microsoft Windows Vista Home Premium 64-Bit/ White Finish",
37322,"Sony VAIO NS Series Silver Notebook Computer - VGNNS190JS","Sony VAIO NS Series Silver Notebook Computer - VGNNS190JS/ 2.0GHz Intel Core 2 Duo Processor T5800/ 15.4' (1280 x 800) XBRITE-ECO Widescreen Display/ 250GB Serial ATA 5400rpm Hard Drive/ Built-In 1.3 Megapixel MOTION EYE Camera And Microphone/ 4GB PC2-6400 (2GBx2) Installed Memory/ 800MHz Front Side Bus Speed/ 2MB L2 Cache/ Genuine Microsoft Windows Vista Home Premium 64-Bit/ Blu-ray Drive (Read Only)/ Silver Finish",
37331,"Coby 10.2' Black LCD Flat Panel HDTV - TFTV1022","Coby 10.2' Black LCD Flat Panel HDTV - TFTV1022/ 800 x 480 Resolution/ 480i, 480p, 720p, 1080i DTV Input Format/ ATSC/QAM/NTSC Tuner/ Digital Comb Filter And Noise Reduction/ 400:1 Contrast Ratio/ 30ms Response Time/ Black Finish",
37340,"Panasonic Black High Defintion 60GB Hard Disk Drive/SD Hybrid Camcorder - HDCHS100K","Panasonic Black High Defintion 60GB Hard Disk Drive/SD Hybrid Camcorder - HDCHS100K/ 1920x1080 Pixel Recording/ Advanced Optical Image Stabilizer/ Leica Lens/ 12x Optical Zoom/ 2.7' Wide LCD/ 5.1 Channel Surround Sound/ Records To Internal Hard Drive And SD Memory Card/ Black Finish",
37354,"Panasonic Rechargeable Lithium-Ion 1320 mAh Battery Pack - VWVBG130","Panasonic Rechargeable Lithium-Ion 1320 mAh Battery Pack - VWVBG130/ Rechargeable Lithium Ion Battery Type/ Compatible With HDC-SD9, HDC-HS9, HDC-SD5, HDC-SD1, HDC-SX5, SDR-H60, SDR-H40/41, SDR-H200, SDR-H18, VDR-D310, VDR-D50/51, VDR-D230, VDR-D220, VDR-D210, PV-GS500, PV-GS320, PV-GS85, PV-GS83, PV-GS90, PV-GS80/ 7.2V Power Consumption/ Black Finish",
37360,"Pioneer 6.5' 2-Way Marine White Speakers - TSMR1640FM","Pioneer 6.5' 2-Way Marine Speakers - TSMR1640FM/ 160 Watts Maximum Power Handling (30 Watts Nominal)/ 1-1/8' Poly-Ether Imide Dome Tweeter With Magnetic Fluid And Equalizer/ Tinsel Lead Wire And Terminals Are Gold-Plated For Extra Protection/ Call 888-228-5800 To Purchase This Clearance Item<br>  <b> Original Price:</b><font color='#000000'> $120.00</font> <br>  <b>Open/Display Item(OF): </b> <font color='#FF0000'>$62.00</font>",
37403,"Canon Black EOS 50D Digital SLR Camera Body - EOS50DBODY","Canon Black EOS 50D Digital SLR Camera Body - EOS50DBODY/ 15.1 Megapixel CMOS Sensor/ DIGIC 4 Image Processor/ 3.0' Clear View LCD/ 9 Cross-Type High-Precision Sensors/ Enhanced Live View/ EOS Integrated Cleaning System/ Creative Auto/ HDMI Output/ 2807B006/ Black Finish",
37404,"Canon Black EOS 50D Digital SLR Camera With 28-135MM Lens - 50D28135","Canon Black EOS 50D Digital SLR Camera With 28-135MM Lens - 50D28135/ 15.1 Megapixel CMOS Sensor/ DIGIC 4 Image Processor/ 3.0' Clear View LCD/ 9 Cross-Type High-Precision Sensors/ Enhanced Live View/ EOS Integrated Cleaning System/ Creative Auto/ HDMI Output/ Lens Peripheral Illumination Correction/ Black Finish",
37405,"Sony BRAVIA Theater Black Micro System - DAVIS50B","Sony BRAVIA Theater Black Micro System - DAVIS50B/ 5.1-Channel Surround Sound/ Golf Ball-Sized Speakers/ Compact Design/ S-AIR Digital Wireless Capability/ HDMI Connectivity/ BRAVIA Sync/ Digital Cinema Sound(DCS) Technology/ S-Master Digital Amplifier/ Portable Audio Enhancer/ Black Finish",
37421,"AT&T Aliph Jawbone II Silver Bluetooth Headset - JAWBONE2S","AT&T Aliph Jawbone II Silver Bluetooth Headset - JAWBONE2S/ Voice Activity Sensor/ Magnetic USB And Wall Charger/ Includes 4 Different Ear Loops And 3 Ear Buds/ Over 4 Hours Talk Time And 8 Days Standby Time/ Supports Bluetooth 1.1, 1.2 And 2.0/ Silver Finish",
37457,"Toshiba 42' Regza TheaterWide Black Flat Panel LCD HDTV - 42RV535U","Toshiba 42' Regza TheaterWide Black Flat Panel LCD HDTV - 42RV535U/ 1080p Full HD CineSpeed Display/ 14-Bit PixelPure 4G Video Processor/ 4 HDMI Inputs/ Dynalight Dynamic Backlight Control/ ATSC/QAM/NTSC Tuner/ Color Temperature Control/ Colormaster Color Control/ Black Finish",
37462,"Toshiba 52' Regza Black Flat Panel LCD HDTV - 52RV535U","Toshiba 52' Regza Black Flat Panel LCD HDTV - 52RV535U/ 1080p (1920 x 1080) Full HD CineSpeed Display/ SRT Super Resolution Technology/ AutoView/ PixelPure 4G 14-Bit Internal Digital Video Processor To Reach 4,096 Levels Of Gradation/ DynaLight Backlight Control/ NTSC/ATSC/QAM Built-In TV Tuning/ Double Skin Thin-Line Bezel/ Deep Color/ Black Finish",
37468,"Canon PowerShot Black 10 Megapixel Digital Camera - SX10IS","Canon PowerShot Black 10 Megapixel Digital Camera - SX10IS/ 20x Optical Zoom/ Optical Image Stabilizer/ 10.0 Megapixel/ 2.5' Vari-Angle LCD/ DIGIC 4 Image Processor/ Face Detection Self-Timer/ Intelligent Contrast Correction/ MovieSnap Mode/ Print/Share Button/ Black Finish",
37469,"Canon PowerShot Black 14.7 Megapixel Digital Camera - G10","Canon PowerShot Black 14.7 Megapixel Digital Camera - G10/ 14.7 Megapixel/ 5x Optical Zoom/ Optical Image Stabilizer/ DIGIC 4 Image Processor/ Face Detection Self-Timer/ Intelligent Contrast Correction/ 3.0' PureColor LCD/ Print/Share Button/ Black Finish",
37474,"Canon PowerShot Black 14.7 Megapixel Digital Camera - SD990ISB","Canon PowerShot Black 14.7 Megapixel Digital Camera - SD990ISB/ 14.7 Megapixel/ 3.7x Optical Zoom/ Optical Image Stabilizer/ Optical Viewfinder/ Large High-Quality 2.5' PureColor LCD/ DIGIC 4 Image Processor/ Face Detection Self-Timer/ Intelligent Contrast Correction/ Quick Mode/ Print/Share Button/ Black Finish",
37477,"Canon PowerShot Silver 14.7 Megapixel Digital Camera - SD990IS","Canon PowerShot Silver 14.7 Megapixel Digital Camera - SD990IS/ 14.7 Megapixel/ 3.7x Optical Zoom/ Optical Image Stabilizer/ Optical Viewfinder/ Large High-Quality 2.5' PureColor LCD/ DIGIC 4 Image Processor/ Face Detection Self-Timer/ Intelligent Contrast Correction/ Quick Mode/ Print/Share Button/ Silver Finish",
37495,"Nintendo DS Lite Cobalt/Black Portable Gaming System - NDSUSGBMKB","Nintendo DS Lite Cobalt/Black Portable Gaming System - NDSUSGBMKB/ Dual 3' TFT Color LCD Touchscreens/ Slimmer Design/ Dual Slot Compatibility (DS Lite/Game Boy Advance Game Paks)/ Twin Ultra Bright LCD Screens/ Up To 19 Hours Continuous Gameplay/ Nintendo Wi-Fi Connection/ Impressive 3D Graphics/ Dual Stereo Speakers/ Cobalt and Black Finish",$139.00
37496,"Nintendo DS Lite Onyx Black Portable Gaming System - NDSUSGSKB","Nintendo DS Lite Onyx Black Portable Gaming System - NDSUSGSKB/ Dual 3' TFT Color LCD Touchscreens/ Slimmer Design/ Dual Slot Compatibility (DS Lite/Game Boy Advance Game Paks)/ Twin Ultra Bright LCD Screens/ Up To 19 Hours Continuous Gameplay/ Nintendo Wi-Fi Connection/ Impressive 3D Graphics/ Dual Stereo Speakers/ Onyx Black Finish",$139.00
37497,"Nintendo DS Lite Metallic Silver Portable Gaming System - NDSUSGSVB","Nintendo DS Lite Metallic Silver Portable Gaming System - NDSUSGSVB/ Dual 3' TFT Color LCD Touchscreens/ Slimmer Design/ Dual Slot Compatibility (DS Lite/Game Boy Advance Game Paks)/ Twin Ultra Bright LCD Screens/ Up To 19 Hours Continuous Gameplay/ Nintendo Wi-Fi Connection/ Impressive 3D Graphics/ Dual Stereo Speakers/ Metallic Silver Finish",$139.00
37499,"Nintendo DS Lite Metallic Rose Portable Gaming System - NDSUSGSZPB","Nintendo DS Lite Metallic Rose Portable Gaming System - NDSUSGSZPB/ Dual 3' TFT Color LCD Touchscreens/ Slimmer Design/ Dual Slot Compatibility (DS Lite/Game Boy Advance Game Paks)/ Twin Ultra Bright LCD Screens/ Up To 19 Hours Continuous Gameplay/ Nintendo Wi-Fi Connection/ Impressive 3D Graphics/ Dual Stereo Speakers/ Metallic Rose Finish",$139.00
37531,"Case Logic Vertical Universal Leather BlackBerry Case - CLP104BB","Case Logic Vertical Universal Leather BlackBerry Case - CLP104BB/ 360 Degree Swivel Belt Clip/ Magnetic Closure/ Soft Internal Lining/ Expandable Elastic Sides/ Compatible With Most BlackBerrys/ Leather Fabric/ Black Finish",$15.00
37539,"Sony Blu-Ray Disc Player - BDPS550","Sony Blu-Ray Disc Player - BDPS550/ Decode Dolby TrueHD And dts HD Internally/ Full HD 1080 Video Output/ 24p True Cinema/ DVD Upscaling To 1080p Via HDMI/ BRAVIA Theatre Sync (HDMI-CEC)/ BD/DVD/CD Playback And AVCHD With x.v. Color Output/ Dolby Digital Plus Decoding/ Backlit Remote/ Glass Front Finish",
37558,"Nintendo DS Lite Crimson/Black Portable Gaming System - NDSUSGSRMKB","Nintendo DS Lite Crimson/Black Portable Gaming System - NDSUSGSRMKB/ Dual 3' TFT Color LCD Touchscreens/ Slimmer Design/ Dual Slot Compatibility (DS Lite/Game Boy Advance Game Paks)/ Twin Ultra Bright LCD Screens/ Up To 19 Hours Continuous Gameplay/ Nintendo Wi-Fi Connection/ Impressive 3D Graphics/ Dual Stereo Speakers/ Crimson/Black Finish",$139.00
37589,"BlueAnt Bluetooth Voice Control Headset - V1","BlueAnt Bluetooth Voice Control Headset - V1/ Voice Control User Interface/ Voice Isolation Technology/ Dual Microphones/ Pairs With Up To 8 Bluetooth Devices/ Up To 5 Hours Talk-Time/ 3 Charging Options",$119.00
37606,"Netgear Prosafe 5 Port Gigabit Ethernet Desktop Switch - GS105NA","Netgear Prosafe 5 Port Gigabit Ethernet Desktop Switch - GS105NA/ Auto-Switching Ethernet Connection/ Supports Windows And Macintosh Platforms/ Dual Color LEDs/ AutoUplink Technology/ Compact Metal Case/ Fanless Design/ Plug-And-Play Installation",$55.00
37623,"Jabra Bluetooth Headset - BT2070","Jabra Bluetooth Headset - BT2070/ Up To 5.5 Hours Talk Time/ Up To 200 Hours Standby Time/ Earhook Included/ Bluetooth 2.0+ EDR & eSCO Technology/ Auto-Pairing/ Discreet Light/ Answer/End, Redial And Voice Dial Features/ USB Micro-B, 5-Pin Charging Plug",$49.00
37646,"Canon Printer Black Ink Cartridge - CLI221BLK","Canon Printer Black Ink Cartridge - CLI221BLK/ FINE Technology For Exceptional Sharpness And Detail/ Compatible With PIXMA iP3600, PIXMA iP4600, PIXMA MP620 And PIXMA MP980",
37648,"Canon Printer Gray Ink Cartridge - CLI221GRY","Canon Printer Gray Ink Cartridge - CLI221GRY/ FINE Technology For Exceptional Sharpness And Detail/ Compatible With PIXMA iP3600, PIXMA iP4600, PIXMA MP620 And PIXMA MP980",
37650,"Canon Printer Yellow Ink Cartridge - CLI221YEL","Canon Printer Yellow Ink Cartridge - CLI221YEL/ FINE Technology For Exceptional Sharpness And Detail/ Compatible With PIXMA iP3600, PIXMA iP4600, PIXMA MP620 And PIXMA MP980",
37652,"Canon Printer Ink Cartridge 4 Colors Pack - 2946B004","Canon Printer Ink Cartridge 4 Colors Pack - 2946B004/ FINE Technology For Exceptional Sharpness And Detail/ Compatible With PIXMA iP3600, PIXMA iP4600, PIXMA MP620 And PIXMA MP980/ Includes 4 Ink Tanks (Black, Cyan, Magenta, Yellow)",$47.00
37686,"Canon PIXMA Photo All-In-One Printer - MP480","Canon PIXMA Photo All-In-One Printer - MP480/ High Performance Printer, Copier And Scanner/ 1.8' TFT Display/ Maximum 2400 x 4800 Color Dpi/ Smart Scanning/ Quick Start/ Built-In Media Card Slot/ ENERGY STAR Qualified",$99.00
37716,"Sanus 30' - 58' VisionMount Flat Panel TV Black Tilting Wall Mount - LT25B1","Sanus 30' - 58' VisionMount Flat Panel TV Black Tilting Wall Mount - LT25B1/ Lateral Shift Adjustment/ Virtual Axis/ Height and Level Adjustments/ ClickStand/ ClickFit System/ Open Wall Plate/ Black Finish",$199.00
37722,"Apple iPod Nano Gray Armband - MB769GA","Apple iPod Nano Gray Armband - MB769GA/ Compatible With 4th Generation iPod Nano/ Has Space For The Nike + iPod Sport Kit Receiver/ Gray Finish",$29.00
37749,"Samsung Black Blu-ray Disc Player - BDP2500","Samsung Black Blu-ray Disc Player - BDP2500/ Full HD 1080p/ BD Live 2.0 Ready/ Netflix Instant Streaming Ready/ Ethernet And USB For Firmware Upgrades/ Dolby Digital Plus, Dolby Digital True-HD/ DTS-HD upgradable/ HDMI-CEC (Anynet+)/ USB 2.0/ Black Finish",
37767,"Kensington Combosaver Ultra Combination Notebook Lock - K64516US - K64516US","Kensington Combosaver Ultra Combination Notebook Lock - K64516US/   Steel Composite Cable With Carbon Tempered Steel Core/ Built-In Defense System/ T-Bar Lock/ Easy To Install",$39.00
37796,"Escort Passport 9500IX Radar Detector - 9500IX","Escort Passport 9500IX Radar Detector - 9500IX/ Pre-Loaded With Thousands Of Saftey Camera Locations/ 360 Degree Radar & Laser Protection/ Completely Undetectable To All Detector Scanners/ Variable-Speed Radar Performance/ GPS-Powered Truelock Filter/ AutoLearn Feature/ Speed Alert/ Crystal-Clear Voice Alerts/ 80 LED Matrix Blue Display/ 5 Levels Of Brightness Control/ Black Finish",$503.95
37803,"Logitech White V470 Cordless Laser Mouse For Apple Notebooks - 910000692","Logitech White V470 Cordless Laser Mouse For Apple Notebooks - 910000692/ Laser Precision/ Side-To-Side Scrolling Plus Zoom/ Bluetooth Wireless Technology/ Protective Pouch/ Battery Life Indicator/ White Finish",$49.00
37805,"Samsung S3 Black Multimedia Player - YPS3JAB","Samsung S3 Black Multimedia Player - YPS3JAB/ 4 GB Internal Flash Memory/ 1.8' TFT LCD Display/ Touch-Sensitive LED Controls/ Multi-Formats Support/ DNSe 2.0 Sound Engine/ FM Tuner And Recorder With Presets/ Up To 25 Hours Audio Playback/ Up To 4 Hours Video Playback/ Black Finish",
37807,"Logitech Black V450 Nano Cordless Laser Mouse For Notebooks - 910000619","Logitech Black V450 Nano Cordless Laser Mouse For Notebooks - 910000619/ Laser Precision/ Side-To-Side Scrolling Plus Zoom/ Advanced 2.4 GHz Wireless Connection/ Storable Nano Reciever/ 12 Months Battery Life With Indicator Light/ Black Finish",$49.00
37808,"Logitech Black V220 Cordless Optical Mouse For Notebooks - 910000153","Logitech Black V220 Cordless Optical Mouse For Notebooks - 910000153/ Ergonomic Design With Soft Rubber Grips/ Extended Battery Life/ Mini-Receiver Snaps Onto Mouse Turning It Off/ High-Definition Optical Technology/ Side-To-Side Plus Zoom/ Black Finish",$29.00
37810,"Sony VAIO LV Series Silver All-In-One Desktop Computer - VGCLV140J","Sony VAIO LV Series Silver All-In-One Desktop Computer - VGCLV140J/ 2.53GHz Intel Core 2 Duo E7200 Processor/ 4GB Memory/ Built-In 1.3 MP MOTION EYE Camera And Microphone/ 320GB Serial ATA Hard Drive/ 24' XBRITE-Full HD LCD/ Integrated Stereo A2DP Bluetooth Technology/ Two Built-In 5.5 Watt Stereo Speakers/ Microsoft Windows Vista Home Premium 64-Bit/ Silver Finish",
37811,"Sony VAIO LV Series Silver All-In-One Desktop Computer - VGCLV150J","Sony VAIO LV Series Silver All-In-One Desktop Computer - VGCLV150J/ 2.53GHz Intel Core 2 Duo E7200 Processor/ 4GB Memory/ Built-In 1.3 MP MOTION EYE Camera And Microphone/ 500GB Serial ATA Hard Drive/ 24' XBRITE-Full HD LCD/ Integrated Stereo A2DP Bluetooth Technology/ Two Built-In 5.5 Watt Stereo Speakers/ Microsoft Windows Vista Home Premium 64-Bit/ Silver Finish","$1,899.00"
37812,"Sony VAIO RT Series Black All-In-One Desktop Computer - VGCRT150Y","Sony VAIO RT Series Black All-In-One Desktop Computer - VGCRT150Y/ 2.66GHz Intel Core 2 Quad Q9400 Processor/ 8GB Memory/ Built-In CompactFlash Media Slot/ 1TB Serial ATA Hard Drive/ 25.5' XBRITE-Full HD LCD/ Integrated Stereo A2DP Bluetooth Technology/ 6MB L2 Cache/ Microsoft Windows Vista Ultimate 64-Bit/ Black Finish","$3,999.00"
37825,"Logitech MX Air Rechargeable Cordless Air Mouse - 931633","Logitech MX Air Rechargeable Cordless Air Mouse - 931633/ Laser-Precise Tracking And Instant Response/ Freespace Motion Sensing/ Scroll Panel/ Easy Control Of PC-Based Entertainment/ Gesture Controls/ Li-Ion Battery/ 2.4 GHz Wireless/ Black Finish",$149.00
37856,"Canon Black Leather Case - 3528B001","Canon PSC-4000 Black Leather Case - 3528B001/ Genuine Leather Case/ Designed For The PowerShot SX10 IS/ Black Finish",
37859,"Denon Black Blu-ray Disc DVD-CD Player - DVD1800BD","Denon Black Blu-ray Disc DVD-CD Player - DVD1800BD/ 1080p High Resolution Via HDMI/ Dolby TrueHD/ Dolby Digital Plus/ DTS-HD Master Audio/ Digital Noise Reduction/ Remote Control/ Black Finish",
37872,"Apple MacBook 2.4GHz Intel Core 2 Duo Silver Notebook Computer - MB467LLA","Apple MacBook 2.4GHz Intel Core 2 Duo Silver Notebook Computer - MB467LLA/ 2.4GHz Intel Core 2 Duo Processor/ 250GB 5400-RPM Serial ATA Hard Drive/ 13' LED-Backlit Glossy Widescreen Display/ Built-In iSight Camera/ Built-In AirPort Extreme Wi-Fi And Bluetooth/ NVIDIA GeForce 9400M Graphics Processor/ Extended Desktop And Video Mirroring/ Multi-Touch Trackpad/ 60W MagSafe Power Adapter/ Mini DisplayPort/ Mac OS X v10.5 Leopard/ Silver Finish","$1,599.00"
37877,"Apple MacBook Pro 2.4GHz Intel Core 2 Duo Silver Notebook Computer - MB470LLA","Apple MacBook Pro 2.4GHz Intel Core 2 Duo Silver Notebook Computer - MB470LLA/ 2.4GHz Intel Core 2 Duo Processor/ 250GB 5400-RPM Serial ATA Hard Drive/ 15.4' LED-Backlit Glossy Widescreen Display/ Built-In iSight Camera/ Built-In AirPort Extreme Wi-Fi And Bluetooth/ NVIDIA GeForce 9600M GT Graphics Processor/ Dual Display And Video Mirroring/ Multi-Touch Trackpad/ 85W MagSafe Power Adapter/ Mini DisplayPort/ Mac OS X v10.5 Leopard/ Silver Finish","$1,999.00"
37878,"Apple MacBook Pro 2.53GHz Intel Core 2 Duo Silver Notebook Computer - MB471LLA","Apple MacBook Pro 2.53GHz Intel Core 2 Duo Silver Notebook Computer - MB471LLA/ 2.53GHz Intel Core 2 Duo Processor/ 320GB 5400-RPM Serial ATA Hard Drive/ 15.4' LED-Backlit Glossy Widescreen Display/ Built-In iSight Camera/ Built-In AirPort Extreme Wi-Fi And Bluetooth/ NVIDIA GeForce 9600M GT Graphics Processor/ Dual Display And Video Mirroring/ Multi-Touch Trackpad/ 85W MagSafe Power Adapter/ Mini DisplayPort/ Mac OS X v10.5 Leopard/ Silver Finish","$2,499.00"
37893,"Toshiba 26' Black LCD HDTV - 26AV502U","Toshiba 26' Black LCD HDTV - 26AV502U/ 720p HD Resolutions/ DynaLight Dynamic Backlight Control/ Gaming Mode/ Built-In ATSC/NTSC/QAM Digital Tuning/ Color Temperature Control/ 2 HDMI Inputs/ PC Input/ Black Finish",
37907,"Sharp AQUOS Blu Ray Disc Player In Black And Silver - BDHP21U","Sharp AQUOS Blu Ray Disc Player In Black And Silver - BDHP21U/ Especially Designed To Work With AQUOS LCD TVs/ HDMI Output/ Full 1080p HD Resolution/ Dolby TrueHD/ HDMI Up-Scaling/  Backwards Compatible/ AQUOS LINK Function/ Quick Start/ HDMI 1080p 24Hz Output/ Black And Silver Finish",$299.00
37915,"Panasonic Silver 8.1 Megapixel Digital Camera - DMCFS3S","Panasonic Silver 8.1 Megapixel Digital Camera - DMCFS3S/ 8.1-Megapixel/ 33mm Lens/ 3x Optical Zoom/ Intelligent Auto Mode/ 2.5' Diagonal Intelligent LCD/ MEGA Optical Image Stabilization/ Intelligent ISO Control/ Face Detection/ Hi-Speed Burst Mode/ Silver Finish",
37934,"Samsung 52' Series 8 LCD Black Flat Panel HDTV - LN52A850","Samsung 52' Series 8 LCD Black Flat Panel HDTV - LN52A850/ Full 1080p (1920x1080) Resolution/ Touch Of Color/ Auto Motion Plus 120Hz/ 50,000:1 Dynamic Contrast Ratio/ 4ms Response Time/ SRS Trusurround XT/ Built-In Digital Tuner (ATSC/Clear QAM)/ Black With Red Accent Finish",
37964,"Canon Silver PowerShot Digital Camera - SD880IS","Canon Silver PowerShot Digital Camera - SD880IS/ 10 Megapixel/ 4x Optical Zoom/ Optical Image Stabilizer/ 3.0' PureColor LCD II/ DIGIC 4 Image Processor/ Face Detection Self-Timer/ Red-Eye Correction/ 19 Shooting Modes/ Print/Share Button/ Silver Finish",
38001,"Sony 8' Black LCD Digital Photo Frame - DPFD80","Sony 8' Black LCD Digital Photo Frame - DPFD80/ 4:3 Widescreen LCD Display/ VGA 800 x 600 Resolution/ 256 MB Internal Memory/ Portrait-Landscape Auto Orientation Sensor/ On-Off Backlit SONY Logo/ Clock And Calendar Mode/ USB And Memory Card Slots/ Remote Control/ Black Finish",$179.99
38003,"Sony 10' Black LCD Digital Photo Frame - DPFD100","Sony 10' Black LCD Digital Photo Frame - DPFD100/ 4:3 Widescreen LCD Display/ VGA 800 x 600 Resolution/ 256 MB Internal Memory/ Portrait-Landscape Auto Orientation Sensor/ On-Off Backlit SONY Logo/ Clock And Calendar Mode/ USB And Memory Card Slots/ Black Finish",$279.99
38008,"Sharp AQUOS 52' D85U Series Black LCD Flat Panel HDTV - LC52D85U","Sharp AQUOS 52' D85U Series Black LCD Flat Panel HDTV - LC52D85U/ Full HD 1080p (1920 x 1080) Resolution/ 10-Bit Advanced Super View/ 120Hz Fine Motion Enhanced/ Built-In ATSC/QAM/NTSC Tuners/ 60,000 Hours Lamp Life/ 10,000:1 Dynamic Contrast Ratio/ 4ms Response Time/ 3-Wavelength Back-Light System/ Black Finish",
38096,"Toshiba 22' Black LCD HDTV - 22AV500U","Toshiba 22' Black LCD HDTV - 22AV500U/ 720p HD Display/ DynaLight Dynamic Backlight Control/ NTSC/ATSC/QAM Built-In Tuners/ 10-Bit Video Processor/ 60Hz Video Scan Rate/ 3:2 Pull-Down Cinema Mode 24fps/ Color Temperature Control/ Black Finish",
38098,"Toshiba 40' Black Flat Panel LCD HDTV - 40RV525U","Toshiba 40' Black Flat Panel LCD HDTV - 40RV525U/ 1080p Full HD (1920 x 1080) CineSpeed Display/ DynaLight Dynamic Backlight Control/ NTSC/ATSC/QAM Built-In Tuners/ 10-Bit Video Processor/ 60Hz Video Scan Rate/ 3:2 Pull-Down Cinema Mode 24fps/ Color Temperature Control/ Black Finish",
38106,"Canon Black EF 70-300mm F/4-5.6 IS USM Telephoto Zoom Lens - 0345B002","Canon Black EF 70-300mm F/4-5.6 IS USM Telephoto Zoom Lens - 0345B002/ 15 Elements In 10 Groups Lens Construction/ 4.9 Feet Closest Focusing Distance/ 6-Group Helical Zoom/ 58MM Filter Size/ Black Finish",
38108,"Olympus Black 10 Megapixels Digital Camera - SP565UZ","Olympus Black 10 Megapixels Digital Camera - SP565UZ/ Dual Image Stabilization/ 10 Megapixels/ 20X Wide-Angle Zoom Lens/ Pre-Capture/ Face Detection/ 33 Shooting Modes/ 48MB Internal Memory/ Black Finish",
38127,"Coby Black 15' Widescreen Flat Panel LCD HDTV - TFTV1514","Coby Black 15' Widescreen Flat Panel LCD HDTV - TFTV1514/ 15.4' TFT LCD Color Display/ Dual ATSC/NTSC Tuners/ AV Input Jacks/ 15-Pin VGA Interface/ Full-Range Stereo Speakers/ V-Chip Parental Control/ Closed-Caption/ Electronic Program Guide/ Multi-Language On-Screen Display/ Black Finish",
38129,"Sharp AQUOS Black Blu-ray Disc Player - BDHP50U","Sharp AQUOS Black Blu-ray Disc Player - BDHP50U/ Full 1080/24p Resolution/ BD-ROM Profile 1.1 And BD-Live Support/ HDMI Version 1.3 Output/ x.v.Color/ Dolby Digital Plus, Dolby True HD And DTS-HD Decoding/ AQUOS LINK Function/ 192KHz/24-Bit Audio D/A Converter/ Upconverting Video Signals To 720p, 1080i Or 1080p With 4,096 Steps Of Gradation Using HDMI/ Black Finish",$399.00
38142,"Canon Pink 8.0 Megapixel PowerShot Digital Camera - SD1100ISP","Canon Pink 8.0 Megapixel PowerShot Digital Camera - SD1100ISP/ 8.0 Megapixel/ 3x Optical Zoom/ 2.5' Color LCD/ 18 Shooting Modes/ Red-Eye Correction/ Face Detection Technology/ iSAPS Technology/ Melody Pink Finish",$178.00
38164,"Apple USB Power Adapter - MB352LLB","Apple USB Power Adapter - MB352LLB/ Compact/ Convenient/ Charges The iPod Anywhere Without A Computer/ Compatible With Any iPods And iPhone With A Dock Connector/ White Finish",$29.00
38173,"Panasonic DECT 6.0 2-Line Digital Expandable Corded/Cordless Phone System - KXTG9391T","Panasonic DECT 6.0 2-Line Digital Expandable Corded/Cordless Phone System - KXTG9391T/ DECT 6.0 Digital Technology (1.9 GHz Frequency)/ Expandable Up To 6 Total Handsets/ Wifi Friendly/ Digital Answering System/ 50 Number Caller ID Memory/ 100 Number Phonebook/ Digital Speakerphone On Handset And Base/ Light-Up Indicator With Ringer Alert/ White Backlit 3-Line LCD/ Black Finish",$179.00
38208,"Panasonic Blue 8.1 Megapixel Digital Camera - DMCFS3A","Panasonic Blue 8.1 Megapixel Digital Camera - DMCFS3A/ 8.1 Megapixel/ 33mm Lens/ 3x Optical Zoom/ Intelligent Auto Mode/ 2.5' Diagonal Intelligent LCD/ MEGA Optical Image Stabilization/ Intelligent ISO Control/ Face Detection/ Hi-Speed Burst Mode/ Blue Finish",
38214,"Canon Black 21.1 Megapixel EOS Digital SLR Camera Body - EOS5DMARKIIBODY","Canon Black 21.1 Megapixel EOS Digital SLR Camera Body - EOS5DMARKIIBODY/ 21.1 Megapixel/ 3.0' Clear View LCD Monitor/ HD Video Shooting/ DIGIC 4 Image Processor/ Live View Mode/ Self Cleaning Sensor Unit/ Dust Delete Data Detection/ Anti-Reflective And Scratch-Resistant Coatings/ Lens Not Included/ Black Finish","$2,699.00"
38221,"Canon EF 75-300mm F/4-5.6 III Telephoto Zoom Lens - 6473A003","Canon EF 75-300mm F/4-5.6 III Telephoto Zoom Lens - 6473A003/ 13 Elements In 9 Groups Lens Construction/ 58MM Filter Size/ Black Finish",$246.00
38231,"Netgear ProSafe 24-Port Gigabit Rackmount Switch With 2 SFP Slots - JGS524F","Netgear ProSafe 24-Port Gigabit Rackmount Switch - JGS524F/ 24 10/100/1000 Mbps Ports/ Automatic Speed/ Full/Half-Duplex Sensing/ Auto Uplink/ Two Hot-Swappable Small Form Factor Pluggable GBIC Slots/ Up To 48 Gbps Of Switching Capacity/ Compatible With PC, Macintosh, Linux, And Unix Operating Systems",
38278,"Sony Memory Stick PRO DUO Adapter For CompactFlash Slot - ADMSCF1","Sony Memory Stick PRO DUO Adapter For CompactFlash Slot - ADMSCF1/ For Compact Flash Slots/ Flexibility To Use Memory Stick Duo With Sony (Alpha) DSLR Cameras",
38295,"Altec Lansing inMotion MAX iPod/iPhone Portable Audio System - IMT702","Altec Lansing inMotion MAX iPod/iPhone Portable Audio System - IMT702/ Crystal-Clear Sound/ Powerful Bass/ FM Radio With Amber LCD/ Expanded Sound Stage/ Enhanced Remote/ Interference Free/ Rechargeable Battery/ Auxiliary Input/ Black Finish",
38296,"Case-Mate Carbon Fiber Black Leather Case For iPhone 3G - IPH3GCBCF","Case-Mate Carbon Fiber Black Leather Case For iPhone 3G - IPH3GCBCF/ Ultra Rare And Luxurious Leather/ Impact Resistant Molded Shell/ Precise Cutouts/ Easy Access To All Controls/ Screen Protection Included/ Black Finish",
38323,"LG White XL Load Capacity Electric Dryer - DLE0442WH","LG White XL Load Capacity Electric Dryer - DLE0442WH/ 7.3 Cu. Ft. Capacity/ Sensor Dry System/ 9 Drying Programs/ 5 Temperature Levels/ Precise Temperature Control With A Variable Heat Source/ Drying Rack/ Upfront Electronic Control With Dial-A-Cycle/ Porcelain Top/ LoDecibel Quiet Operation/ White Finish",
38324,"Griffin Black iPhone 3G Clarifi Protective Case With Built-In Close-Up Lens - 8245IP2MGNFI","Griffin Black iPhone 3G Clarifi Protective Case With Built-In Close-Up Lens - 8245IP2MGNFI/ Protective Polycarbonate Case/ Close-Up Lens Focuses Close For Incredible Detail/ Lens Slides In Place For Close-Ups/ No Adapters Or Small Pieces to Lose/ Black Finish (iPhone Not Included)",$34.00
38327,"Canon Black BP-808 Camcorder Battery Pack - 2740B002","Canon Black BP-808 Camcorder Battery Pack - 2740B002/ Compatible With Dual Flash Memory, Flash Memory And Hard Disk Drive Camcorders/ Black Finish",
38329,"Panasonic Black Hi-Definition Camcorder Starter Kit - VBGVBB1STRKIT","Panasonic Black Hi-Definition Camcorder Starter Kit - VBGVBB1STRKIT/ Case Has Internal Compartments And A Shoulder Strap/ 1320mAH Rechargeable Lithium-Ion Battery/ Black Finish",
38343,"Panasonic DECT 6.0 Pearl Silver Expandable Digital Cordless Phone System - KXTG6313S","Panasonic DECT 6.0 Pearl Silver Expandable Digital Cordless Phone System - KXTG6313S/ 3 Handsets/ Up To 6 Multi-Handset Capability/ DECT 6.0 Technology/ Ringer ID/ Call Waiting Caller ID/ Voicemail/ Hold/ Mute/ Clock/ Alarm/ LED Lighting/ Night Mode/ Speakerphone/ 11 Days Standby/ 5 Hours Talk Time/ Pearl Silver Finish",$69.00
38345,"Logitech diNovo Edge Keyboard Mac Edition - 920000924","Logitech diNovo Edge Keyboard Mac Edition - 920000924/ PerfectStroke Key System/ Innovative TouchDisc/ Charging Base/ Optimized Mac Layout/ Bluetooth Wireless Technology/ 38 mm Circular Touch Pad With Horizontal And Vertical Scrolling",$159.00
38346,"Logitech QuickCam Vision Pro For Mac - 960000254","Logitech QuickCam Vision Pro For Mac - 960000254/ Carl Zeiss Optics/ Premium Autofocus/ 720p High-Quality Images (1600 X 1200)/ 2 Megapixel Sensor/ RightLight 2 Technology/ Integrated Microphone/ 30 Frames Per Second/ Universal Monitor Clip",$129.00
38388,"Canon Digital EOS Rebel XS Starter Kit - 9320A010","Canon Digital EOS Rebel XS Starter Kit - 9320A010/ Includes Digital Gadget Bag 200DG, Battery Pack NB-2LH, 58mm UV Haze Filter",
38399,"Canon 2GB SD Secure Digital Card - 3505B001","Canon 2GB SD Secure Digital Card - 3505B001/ Compatible With All Digital Cameras and Devices That Accept SD Cards",
38400,"Sony VAIO JS Series Black All-In-One Desktop Computer - VGCJS130JB","Sony VAIO JS Series Black All-In-One Desktop Computer - VGCJS130JB/ 2.5GHz Intel Pentium Dual-Core Processor E5200/ 20.1' (1680 x 1050) Widescreen WSXGA+ XBRITE-HiColor Technology Display/ 500GB Serial ATA 7200rpm Hard Drive/ Built-In 1.3 Megapixel MOTION EYE Camera And Microphone With Face-Tracking Technology/ 4GB PC2-6400 (2GBx2) Installed Memory/ 800MHz Front Side Bus Speed/ 2MB L2 Cache/ Genuine Microsoft Windows Vista Home Premium 64-Bit/ Black Finish","$1,099.00"
38434,"Sharp AQUOS 42' Black LCD HDTV - LC42D85U","Sharp AQUOS 42' Black LCD HDTV - LC42D85U/ Full HD 1080p (1920 x 1080) Resolution/ AQUOS LINK/ 120Hz Fine Motion Enhanced/ Built-In ATSC/QAM/NTSC Tuners/ 60,000 Hours Lamp Life/ 4ms Response Time/ HDMI Inputs/ Black Finish",
38449,"Linksys Dual-Band Wireless-N Gaming Adapter - WGA600N","Linksys Dual-Band Wireless-N Gaming Adapter - WGA600N/ Lag-Free Head-To-Head Or Internet Gaming/ Converts Wired-Ethernet-Ready Game Consoles To Wireless-N Network Connectivity/ Works Without Drivers On Xbox, Xbox 360, PlayStation2 Or 3 And GameCube/ Dynamically Changes Channels And Radio Bands (2.4 Or 5GHz)/ Works On Any Platform/ Black Finish",$89.00
38451,"Linksys Dual-Band Wireless-N Notebook Adapter - WPC600N","Linksys Dual-Band Wireless-N Notebook Adapter - WPC600N/ High-Speed Wireless-N (Draft 802.11n) Networking/ MIMO Technology/ Operates In The 2.4 And 5GHz Radio Bands/ Connects To Wireless-G, B, And A Networks",$69.00
38452,"Linksys Simultaneous Dual-N Band Wireless Router - WRT610N","Linksys Simultaneous Dual-N Band Wireless Router - WRT610N/ Internet-Sharing Router And 4-Port Gigabit Switch/ Built-In Dual-Band Speed And Range Enhanced Wireless Access Point/ Two Simultaneous, Separate Radio Bands/ Wireless-N Technology/ Advanced Wireless Security And SPI Firewall",$179.00
38455,"Linksys Compact Wireless-G USB Adapter - WUSB54GC","Linksys Compact Wireless-G USB Adapter - WUSB54GC/ Connects Your Desktop Or Notebook To A Wireless Network At Up To 54Mbps When Used With A USB 2.0 Port/ Compatible With Wireless-B Networks (At 11Mbps)/ Protected By WPA and Up To 128-Bit Data Encryption",$39.00
38457,"Linksys Dual-Band Wireless-N USB Network Adapter - WUSB600N","Linksys Dual-Band Wireless-N USB Network Adapter - WUSB600N/ High-Speed Wireless-N (Draft 802.11n) Networking/ MIMO Technology/ Operates In The 2.4 And 5GHz Radio Bands/ Connects To Wireless-G, B And A Networks",$69.00
38466,"Linksys Wireless-G Internet Home Monitoring Camera - WVC54GCA","Linksys Wireless-G Internet Home Monitoring Camera - WVC54GCA/ Sends High-Quality Live Audio And Video To Your Network Wirelessly/ Viewable From Most Web Browsers Anywhere In The World/ Built-In Video Stream Encoder And Stand-Alone Web Server (No PC Necessary)/ Security Mode/ Supports MPEG-4 And MJPEG Video At Up To 640x480/ Up To Four Simultaneous Remote Users",$99.00
38468,"Danby Silhouette 60 Cans Beverage Center - DBC2760BLS","Danby Silhouette 60 Cans Beverage Center - DBC2760BLS/ 5.0 Cu. Ft. Capacity/ Two Independently Controlled Temperature Zones/ Frost Free Fan Forced Cooling System/ Tinted Tempered Glass Doors/ Precise Digital Thermostat With LED Display/ Cool Blue LED Track Lighting System/ Integrated Door Locks/ Black And Stainless Steel Finish","$1,000.00"
38473,"Linksys EtherFast4116 16-Port 10/100 Ethernet Switch - EF4116","Linksys EtherFast4116 16-Port 10/100 Ethernet Switch - EF4116/ 16 Autosensing 10/100 Full Duplex Auto MDI/MDI-X Ports/ Run Blazing Speeds Up To 200Mbps/ Address Learning And Aging And Data Flow Control",$79.00
38474,"Linksys Gigabit 5-Port Workgroup Switch - EG005W","Linksys Gigabit 5-Port Workgroup Switch - EG005W/ Five 10/100/1000Mbps, Half/Full Duplex, Switched Ports/ Forwards And Filters Packets At Non-Blocking, Full Wire Speed/ All Ports Have Auto Speed Negotiation And Auto MDI/MDI-X Crossover Detection/ Supports Address Learning And Aging, 802.3x Flow Control And Head-Of-Line Blocking Prevention",$64.00
38475,"Linksys EtherFast10/100 5-Port Auto-Sensing Switch - EZXS55W","Linksys EtherFast10/100 5-Port Auto-Sensing Switch - EZXS55W/ 5 Port 10/100 Autosensing Ports With Both Half And Full Duplex Modes/ Perfect For Integrating Your 10BaseT And 100BaseTX Network Hardware/ Switched 10/100 Ports Run At 10Mbps, 20Mbps, 100Mbps Up To 200Mbps",$29.00
38477,"Linksys EtherFast 8-Port 10/100 Switch - EZXS88W","Linksys EtherFast 8-Port 10/100 Switch - EZXS88W/ 10/100 Dual-Speed Per-Port/ Perfect For Optimizing 10BaseT And 100BaseTX Hardware On The Same Network/ Speeds Of Up To 200Mbps In Full Duplex Operation/ Eliminate Bandwidth Constraints And Clear Up Bottlenecks",$44.00
38480,"iRobot Robotic Floor Washer - 74249","iRobot Robotic Floor Washer - 74249/ Autonomous Robot That Washes And Scrubs Tile, Linoleum, Or Sealed Hardwood Floors Without Human Intervention/ Rotary Scrubber/ Compact Design/ AWARE Sensor Technology/ Virtual Wall Included",$299.00
38483,"Transcend 8GB Micro Secure Digital Memory Card - TS8GUSDHC6","Transcend 8GB Micro Secure Digital Memory Card - TS8GUSDHC6/ 8GB MicroSD Card With Adapter/ Compatible With Cell Phones And Mobile Devices With MicroSD Input/ Mechanical Write Protection Switch/ Includes Adapter To Fit SDcard Slot For Data Transfer/ SDHC Class 6 Compliant/ Black Finish",$39.00
38486,"Transcend 133X High-Speed 8GB Compact Flash Card - TS8GCF133","Transcend 133X High-Speed 8GB Compact Flash Card - TS8GCF133/ 21.5MB Per Sec. Data Transfer Rate/ Dual-Channel Support/ Multi-Platform Compatibility/ Supports Ultra DMA Mode 0-4/ Low Power Consumption",$38.00
38492,"Sony Telephoto Converter Lens - VCLDH1774","Sony Telephoto Converter Lens - VCLDH1774/ 1.7x Magnification/ Made For Cyber-Shot DSC-H7, DSC-H9 Or DSC-H50 Digital Cameras/ Aluminum Housing/ Black Finish",$169.99
38500,"DLO Black HybridShell For iPhone 3G - DLA4010717","DLO Black HybridShell For iPhone 3G - DLA4010717/ Fusion Of Crystal-Clear Polycarbonate Hard-Shell Case Plus Non-Slip Silicone Accents/ Custom Fit/ Ultra-Slim Scratch And Slip Protection/ Total Access To All Controls, Dock Connector And Headset Jack/ Designed Especially For The iPhone 3G/ Surface Shield Included/ Black Finish",$24.99
38507,"Linksys Black Media Center Extender - DMA2100","Linksys Black Media Center Extender - DMA2100/ Works With Your Windows Vista Media Center PC/ Dual Band 802.11N Wireless/ Learning Remote Included",$119.00
38511,"Audiovox 7'  Acrylic Digital Photo Frame - DPF701","Audiovox 7' Acrylic Digital Photo Frame - DPF701/ Alarm Clock/ 8MB Internal Memory/ Picture Rotation And Review/ SD, MMC, MemoryStick, XD, CompactFlash Card Reader Slot/ Calendar/ Black And Clear Acrylic Finish",
38522,"Flip Video F460 Black Mino HD Camcorder - F460B","Flip Video F460 Black Mino HD Camcorder - F460B/ 60 Minutes Recording Time/ 4GB Internal Memory/ 1.5' Transflective TFT LCD Screen/ Internal Lithium-Ion Rechargeable Battery/ Smooth Multi-Step 2x Digital Zoom/ Touch-Sensitive Capacitive Buttons/ Built-In Flip-Out USB Arm/ Built-In Speaker/ Built-In, Wide-Range, Omni-Directional Microphone",
38550,"Samsung 2.1 Channel Bluetooth Home Theater System - HTX710T","Samsung 2.1 Channel Bluetooth Home Theater System - HTX710T/ Built-In Bluetooth/ Wall Mountable/ Upscaling DVD Player/ Virtual Surround Sound/ ToC TV Matching Design/ 400 Watts Total Power/ 2.1 Channel/ Black Finish",
38574,"Sony BD/DVD Home Theater System - BDVIS1000","Sony BD/DVD Home Theater System - BDVIS1000/ S-AIR Wireless Capability/ XMB (Xross Media Bar) Graphical User Interface/ Precision Cinema HD With HDMI Upscaler/ 24p True Cinema/ Deep Color/ x.v.Color/ 480i/480p/576i/576p/720p/1080i/1080p(60Hz) Resolution With HDMI/ Dolby Digital, Dolby Digital Plus, Dolby TrueHD, DTS, DTS-HD High Resolution, DTS-HD Master Audio, LPCM 2ch, LPCM 6ch, LPCM 8ch Decoder With HDMI/ Black Finish",$999.00
38587,"Canon Printer Color Ink Cartridge - CL211","Canon Printer Color Ink Cartridge - CL211/ FINE Technology For Exceptional Sharpness And Detail/ New Inks Improve Coloring, Color Gamut, And Color Fastness/ Compatible With PIXMA MP480",$20.99
38619,"LG Washer Dryer White Stacking Kit - WSTK1","LG Washer Dryer White Stacking Kit - WSTK1/ Stack Dryer On Top Of The Washer/ Free Up Much-Needed Space In The Laundry Room/ White Finish",
38640,"Transcend 2.5' SATA Solid State Disk - TS128GSSD25SM","Transcend 2.5' SATA Solid State Disk - TS128GSSD25SM/ RoHS Compliant/ Fully SATA I Compatible/ Non-Volatile Flash Memory/ Built-In ECC/ Lower Power Consumption/ Shock Resistance/ Used In Most Notebook Computers And Mainstream PCs",
38644,"Skullcandy CHOPS Headphones In Black Chrome - HH26SKC01","Skullcandy CHOPS Headphones In Black Chrome - HH26SKC01/ 15mm Speaker/ Hanger Anchor Design/ Frequency Range Of 18 ? 20,000 Hz/ 1.2m Cord Length/ 3.5mm Gold Plated Plug/ Black Chrome Finish",$24.95
38653,"Sennheiser Orange And Silver In Ear Headphones - CX380","Sennheiser Orange And Silver In Ear Headphones - CX380/ Massive Sound Despite Their Small Size/ Sweat-Proof Coating/ Noise Isolating Design/ Dynamic Drivers Guarantee Impressive Bass/ Includes Ear Adapters & Carrying Case/ Orange & Silver Finish",$79.95
38693,"Samsung 46' Series 8 LCD Black Flat Panel HDTV - LN46A850","Samsung 46' Series 8 LCD Black Flat Panel HDTV - LN46A850/ 1920 x 1080p Full HD Resolution/ Touch Of Color Design/ Pre-Loaded Content Library/ DLNA/ Super Slim Depth Narrow Bezel/ Auto Motion Plus 120Hz/ 50,000:1 Dynamic Contrast Ratio/ 4ms Response Time/ SRS TruSurround/ Built-In Digital Tuner (ATSC/Clear QAM)/ Black With Red Accent Finish",
38697,"Logitech Cordless Desktop MX 5500 Revolution Keyboard And Mouse Combination - 920000383","Logitech Cordless Desktop MX 5500 Revolution Keyboard And Mouse Combination - 920000383/ Cordless Laser Mouse/ Revolutionary Scroll Wheel/ Precise Click-To-Click Scrolling/ Rapid Charging Stand/ Dynamic LCD Keyboard Display/ Bluetooth Wireless Technology/ SecureConnect Technology/ Black Finish",$169.00
38704,"VMware Fusion 2 For Mac - VMFM20BX2","VMware Fusion 2 For Mac - VMFM20BX2/ Run Windows Side-By-Side With Mac OS X Without Rebooting/ 3D And High Definition Video Acceleration/ USB Device Support/ Multiple Display Support/ Seamless Keyboard Mapping/ Embedded Antivirus And Antispyware Protection/ Mac OS X Leopard Integration/ Boot Camp Support/ Multiple CPU Virtual Machines",$79.00
38726,"Sanus SC1A Black VisionMount Series Ceiling Mount For Small LCD Flat Panels - SC1AB","Sanus SC1A Black VisionMount Series Ceiling Mount For Small LCD Flat Panels - SC1AB/ Fits Most 13' - 26' LCD Flat Panel Televisions/ VESA Compatible TV Bracket/ SmoothLock Technology/ Built-In Wire Management System/ 50 Lbs Capacity/ Black Finish",$99.99
38733,"Kensington Mini Battery Pack And Charger For iPhone And iPod - K33442US","Kensington Mini Battery Pack And Charger For iPhone And iPod - K33442US/ Includes Retractable USB Charging Cable/ High-Capacity, Rechargeable Lithium-Ion Polymer Battery Pack/ LED Battery Meter/ Cap Converts Into A Kickstand/ Black Finish",
38735,"Logitech diNovo Edge Keyboard Windows Edition - 967685","Logitech diNovo Edge Keyboard Windows Edition - 967685/ PerfectStroke Key System/ Innovative TouchDisc/ Charging Base/ Bluetooth Wireless Technology/ 38 mm Circular Touch Pad With Horizontal And Vertical Scrolling/ Black Finish",$179.00
38751,"Panasonic Yellow 4GB SDHC Memory Card - RPSDV04GU1K","Panasonic Yellow 4GB SDHC Memory Card - RPSDV04GU1K/ Class 6/ Up To 20MB/s Read-Out Or Write-In Data Transfer Rate/ 4GB Storage Capacity/ Yellow Finish",
38767,"Coby 7' Black Widescreen TFT Portable DVD CD MP3 Player - TFDVD7006","Coby 7' Black Widescreen TFT Portable DVD CD MP3 Player - TFDVD7006/ Compact Portable Design/ 480 x 240 Display Resolution/ 16:9 Widescreen TFT Color Display/ DVD, DVDR/RW, CD, CD-R/RW, JPEG And MP3 Compatible/ Anti-Skip Circuitry/ Dolby Digital Decoder/ Digital And Analog AV Outputs/ NTSC/PAL Video System/ Black Finish",$97.00
38773,"Sony Black HD Radio With Dock For iPod And iPhone - XDRS10HDIP","Sony Black HD Radio With Dock For iPod And iPhone - XDRS10HDIP/ iPod And iPhone Dock/ Clear Static-Free HD Digital Radio Reception/ FM Multicasting/ No Monthly Subscription Fees/ Backlit LCD Display/ Digital Tuning/ Clock With Alarm Time Setting/ Wireless Remote Control/ Stereo Speakers With Bass Reflex Sound System/ Black Finish",
38777,"Nikon Black COOLPIX S210 Li-Ion Rechargeable Battery - ENEL10","Nikon Black COOLPIX S210 Li-Ion Rechargeable Battery - ENEL10/ Compatible With COOLPIX S Series Digital Cameras/ Black Finish",
38781,"Griffin Black TuneBuds Mobile For iPod And iPhone - 9410TUNBMBLB","Griffin Black TuneBuds Mobile For iPod And iPhone - 9410TUNBMBLB/ Compatible With iPhone And iPod/ Three Sizes Of Cushioned Silicone Earpads/ High-Sensitivity Microphone/ ControlMic Button/ Earphone Cable/ Black Finish",
38782,"Sony VAIO FW Series Black Notebook Computer - VGNFW378JB","Sony VAIO FW Series Black Notebook Computer - VGNFW378JB/ 2.40GHz Intel Core 2 Duo processor P8600/ 16.4' (1920 x 1080) XBRITE-FullHD Widescreen Display/ 320GB Serial ATA 7200rpm Hard Drive/ Built-In 1.3 Megapixel MOTION EYE Camera And Microphone/ 4GB PC2-6400 (2GBx2) Installed Memory (Maximum Up To 8GB)/ 1066MHz Front Side Bus Speed/ 3MB L2 Cache/ Blu-ray Disc Support (Read / Write 2x Max)/ Genuine Microsoft Windows Vista Home Premium 64-Bit/ Black Finish",
38784,"Sanus 30' - 50' Full-Motion Flat Panel TV Black Wall Mount - LRF118B1","Sanus 30' - 50' Full-Motion Flat Panel TV Black Wall Mount - LRF118B1/ Swivel Motion/ Low Profile/ Virtual Axis Technology/ Easy Access To Wires/ Universal Mounting Brackets/ Black Finish",$349.00
38794,"Belkin White Switch-To-Mac Cable - F4U001","Belkin White Switch-To-Mac Cable - F4U001/ Allows You To Seamlessly Transfer All Your Important Data/ Eliminates The Need To Set Up A Complex Network/ Transfers Data At USB 2.0 Speeds/ Cool LED Lighting Indicates Transfer Status/ White Finish",
38796,"Belkin Leather Folio For 2G iPod Touch - F8Z373","Belkin Leather Folio For 2G iPod Touch - F8Z373/ Soft, Durable Leather/ Soft-Microfiber Lining/ Velcro Fastening/ Clear Screen Protector Allows Easy Navigation/ Access To Ports And Dock Connector/ Black Finish (iPod Not Included)",$29.00
38798,"Peerless Black Flat Panel TV Stand - SS550PBK","Peerless Black Flat Panel TV Stand - SS550PBK/ Supports 32' To 50' Flat Panel TVs/ Vertical Screen Adjustment Feature/ Internal Cable Management/ Adjustable Glass Shelving/ Black Finish",
38800,"Canon EOS Rebel XSi Silver Digital SLR Camera - XSIREB1855S","Canon EOS Rebel XSi Silver Digital SLR Camera - XSIREB1855S/ 12.2 Megapixel/ DIGIC III Image Processor/ Extensive Noise Reduction Technology/ Auto Optimization/ 3.0' LCD Monitor/ Compatible With Compact SD And SDHC Memory Cards/ EOS Integrated Cleaning System/ 18-55MM Lens Included/ 2756B003/ Silver Finish",$799.00
38806,"Canon XH A1S Black High Definition HDV Camcorder - XHA1S","Canon XH A1S Black High Definition HDV Camcorder - XHA1S/ 20x HD L Series Zoom/ 0.57' Widescreen Viewfinder/ 2.8' Widescreen LCD Screen/ High-Performance Stereo Electric Condenser Microphone/ SuperRange Optical Image Stabilization/ DIGIC DV II HD Image Processor/ 1440 x 1080 Pixels/ Instant Auto Focus/ Black Finish",
38813,"Speck ToughSkin Black Case For 4th Generation iPod Nano - NN4TSBLK","Speck ToughSkin Black Case For 4th Generation iPod Nano - NN4TSBLK/ Tough Custom-Fit Protective Case/ Durable Shock-Absorbing Material/ Detachable Rotating Belt Clip/ Openings To All Connections And Controls/ Black Finish",$29.00
38826,"Cuisinart Exact Heat Matte Black Toaster Oven Broiler - TOB155","Cuisinart Exact Heat Matte Black Toaster Oven Broiler - TOB155/ 0.6 Cu. Ft. Capacity/ Multifunctional Countertop Oven/ Easy-Clean Interior/ Touchpad Controls/ Bagel, Reheat And Defrost Buttons/ Clock And Oven Timer/ Stainless Steel Front Panels With Brushed Chrome Handle/ Matte Black Finish",$139.00
38831,"Tripp-Lite Black 25 Foot SVGA HD15M To HD15M Computer Monitor Cable - P502025","Tripp-Lite Black 25 Foot SVGA HD15M To HD15M Computer Monitor Cable - P502025/ 25 Foot Length/ Foil-Shielding For Maximum EMI/RFI Protection/ Constructed From Mini-Coax And Paired Video/ Gold Plated Connectors And Gold Plated Copper Contacts/ HD15 Male To HD15 Male Molded Connectors/ Black Finish",
38834,"Nokia T-Mobile Unlocked Cellular Phone - N96","Nokia T-Mobile Unlocked Cellular Phone - N96/ 5 Megapixel Camera/ 3G High Speed Data Access/ GSM 850/900/1800/1900/ HSDPA 850/1900/ 2.8' Display/ Wi-Fi 802.11 b/g UPnP Technology/ microSD Card Slot/ 16GB Internal Memory/ Built-In GPS Receiver/ Stereo FM Radio With RDS/ DVB-H TV Broadcast Receiver/ TV Out/ Up To 4 Hours Talk Time/ 220 Hours Standby Time/ $599.00 With 2yr Service Agreement/ Activation Or Handset Upgrade Available In Store For Illinois Market Customers Only",
38873,"Denon Home Theater Receiver And Boston Acoustics 5.1 Speaker System Package - DHT589BA","Denon Home Theater Receiver And Boston Acoustics 5.1 Speaker System Package - DHT589BA/ 2 HDMI Inputs/ Sirius Satellite Radio Ready/ Audyssey Dynamic EQ And Volume Technology/ 1/2' Soft Dome Tweeter Center  And Satellite Speakers/ 3' Mid-Bass Drivers Satellite Speakers/ Dual 3' Mid-Bass Drivers Center Speaker/ 8' Down-Firing Subwoofer With 100W Power Amplifier",$499.00
38876,"Apple iWork 09 Software Individual Pack For Mac - MB942ZA","Apple iWork 09 Software Individual Pack For Mac - MB942ZA/ Creating The Perfect Brochure, Flyer, Report Or Resume Is Faster And Easier Than Ever Using Pages 09/ Create Spreadsheets, Organize Data And Write Formulas With Simple Yet Powerful Tools Using Numbers 09/ Easily Create Sophisticated Animations With Magic Move/ Dramatically Reduce File Size Without Compromising Quality/ Save Your iWork Document As A Word, Excel Or PowerPoint File/ Individual Pack",$79.00
38880,"Apple iWork 09 Software Family Pack For Mac - MB943ZA","Apple iWork 09 Software Family Pack For Mac - MB943ZA/ Creating The Perfect Brochure, Flyer, Report Or Resume Is Faster And Easier Than Ever Using Pages 09/ Create Spreadsheets, Organize Data And Write Formulas With Simple Yet Powerful Tools Using Numbers 09/ Easily Create Sophisticated Animations With Magic Move/ Dramatically Reduce File Size Without Compromising Quality/ Save Your iWork Document As A Word, Excel Or PowerPoint File/ 5 User Family Pack",$99.00
38920,"Transcend JetFlash V10 16GB USB Flash Drive - TS16GJFV10","Transcend JetFlash V10 16GB USB Flash Drive - TS16GJFV10/ Hi-Speed USB 2.0/ Capless Sliding Design Protects The Connector/ Easy Plug And Play Installation/ AES Encryption/ DataBackup Function/ Keychain Hook And Neck Strap/ Green Finish",$38.00
38939,"Logitech V-UBM46 QuickCam Pro 9000 Black Webcam For Windows - 960000048","Logitech V-UBM46 QuickCam Pro 9000 Black Webcam For Windows - 960000048/ Carl Zeiss Optics/ Autofocus/ HD Video/ RightLight Technology/ Integrated Microphone With RightSound Technology/ Ultra-Wide Field Of View And Intelligent Face Tracking/ Logitech Video Effects/ Downloadable Fun Filters/ Universal Monitor Clip/ Works With Windows XP And Vista/ Black Finish",
38944,"Panasonic LM-AF30U3 Three Pack Of Single-Sided 30 Minute DVD-RAM Discs - LMAF30U3","Panasonic LM-AF30U3 Three Pack Of Single-Sided 30 Minute DVD-RAM Discs - LMAF30U3/ Compatible With DVD Camcorder, DVD Video Recorders And DVD-RAM Drives/ Rewritable/ XTRA, Fine And Standard Recording Modes/ 1.4 GB Data Capacity",$8.99
38957,"Lasonic ATSC Digital To Analog TV Converter Box - LTA260","Lasonic ATSC Digital To Analog TV Converter Box - LTA260/ Support 4:3 And 16:9 Video Format/ Composite Video And Stereo Audio Output/ Supports Channel Display, Closed Caption, EAS And Parental Controls (V-Chip)/ Display ANT Level And Signal Quality On The TV/ Black Finish",
39038,"Case Logic Black In-Car DVD Player Case - PDVK10","Case Logic Black In-Car DVD Player Case - PDVK10/ Holds Up To 10' Portable DVD And Portable iPod Players/ Grab & Go Suspension System/ Built-In Dual Jack Headphone System/ Extra Storage Compartment/ Black Finish",$29.00
39039,"Garmin Nuvi 885T GPS Navigation System - 0100057730","Garmin Nuvi 885T GPS Navigation System - 0100057730/ Speak Commands/ 4.3' Display/ Turn-By-Turn Directions/ Bluetooth Wireless Technology/ Built-In Microphone And Speaker/ MP3 Player/ Picture Viewer/ FM Transmitter/ Touchscreen/ Up To 4 Hours Battery Life/ microSD Card Slot/ World Travel Clock, Currency/Unit Converter And Calculator/ Grey Finish",$799.00
39054,"OmniMount 37' - 63' Ultra Low Profile Series Large Flat Panel TV Black Mount - ULPTLBK","OmniMount 37' - 63' Ultra Low Profile Series Large Flat Panel TV Black Mount - ULPTLBK/ Ultra Low Profile Design/ Built-In Kickstand/ Universal Rails/ Tension Adjustment/ Sliding Lateral On-Wall Adjustment/ Lift N? Lock For Easy Installation/ Anti-Theft Security Feature/ Black Finish",
39088,"Logitech Cordless Desktop Wave Keyboard And Mouse Combo - 920000264","Logitech Cordless Desktop Wave Keyboard And Mouse Combo - 920000264/ Contoured Wave-Shaped Key Design/ Cushioned Contoured Palm Rest/ Adjustable Keyboard Height/ Comfortable Design High-Performance Laser Mouse/ Instant Media Access/ Programmable F-Keys/ Compatible With PC And MAC/ Black Finish",$79.00
39090,"Mitsubishi DLP Black TV Stand - MBS73V","Mitsubishi DLP Black TV Stand - MBS73V/ Matching Base For Mitsubishi WD-73735 And WD-73736 DLP HDTV/ Glass Shelf Height Adjustment/ Black Finish",$549.00
39175,"Logitech Digital Precision PC Gaming Headset - 981000040","Logitech Digital Precision PC Gaming Headset - 981000040/ Cushioned Open-Air Design/ USB And Analog Connections/ Noise-Canceling Microphone/ In-Line Volume And Mute Controls/ 10 Ft. Cable Length/ PC And Mac Compatible/ Black Finish",$49.00
39176,"Logitech 2.1 Multimedia Silver Speaker System - Z2300","Logitech 2.1 Multimedia Silver Speaker System - Z2300/ THX-Certified/ 200 Watts Of RMS Power (400 Watts Of Peak Power)/ Distortion-Free Bass/ Phase Plug Design/ SoundTouch Wired Remote Control/ Multiple Source?Ready/ 2.5' Polished Aluminum Phase Plug Speaker Driver/ 8' Long-Throw Ported Subwoofer Driver/ Silver Finish",
39179,"Linksys Wireless-G Range Expander - WRE54G","Linksys Wireless-G Range Expander - WRE54G/ Supports 64/128-Bit WEP Encryption In 802.11b/802.11g Wireless LAN/ Configurable Through Your Networked PC?s Web Browser Or The Included Setup Wizard/ Expand Your Wireless Coverage To Eliminate Dead Spots/ Works With Both 802.11b And 802.11g Wireless Networks/ RJ-45 10/100 Port For Easy Configuration/ Silver Finish",$99.00
